model,strategy,algorithm,run,instance,cities,status,ran,length,optimum,gap_pct,runtime_s,reported_length,refinement_rounds,input_tokens,output_tokens,generation_error
gpt,zero_shot,greedy,1,eil51,51,ok,True,511.0,426,19.95,0.189,511.0,1.0,224.0,294.0,
gpt,zero_shot,greedy,1,berlin52,52,ok,True,8980.0,7542,19.07,0.096,8980.0,1.0,224.0,294.0,
gpt,zero_shot,greedy,1,ch130,130,ok,True,7579.0,6110,24.04,0.089,7579.0,1.0,224.0,294.0,
gpt,zero_shot,greedy,1,d198,198,ok,True,18240.0,15780,15.59,0.09,18240.0,1.0,224.0,294.0,
gpt,zero_shot,simulated_annealing,1,eil51,51,ok,True,440.0,426,3.29,0.896,440.0,1.0,214.0,6113.0,
gpt,zero_shot,simulated_annealing,1,berlin52,52,ok,True,7542.0,7542,0.0,0.712,7542.0,1.0,214.0,6113.0,
gpt,zero_shot,simulated_annealing,1,ch130,130,ok,True,6441.0,6110,5.42,0.838,6441.0,1.0,214.0,6113.0,
gpt,zero_shot,simulated_annealing,1,d198,198,ok,True,16344.0,15780,3.57,1.342,16344.0,1.0,214.0,6113.0,
gpt,zero_shot,genetic_algorithm,1,eil51,51,ok,True,442.0,426,3.76,1.642,442.0,1.0,212.0,4722.0,
gpt,zero_shot,genetic_algorithm,1,berlin52,52,ok,True,8216.0,7542,8.94,1.348,8216.0,1.0,212.0,4722.0,
gpt,zero_shot,genetic_algorithm,1,ch130,130,ok,True,6969.0,6110,14.06,2.672,6969.0,1.0,212.0,4722.0,
gpt,zero_shot,genetic_algorithm,1,d198,198,ok,True,17518.0,15780,11.01,2.632,17518.0,1.0,212.0,4722.0,
gpt,few_shot,greedy,1,eil51,51,ok,True,511.0,426,19.95,0.115,511.0,1.0,365.0,304.0,
gpt,few_shot,greedy,1,berlin52,52,ok,True,8980.0,7542,19.07,0.118,8980.0,1.0,365.0,304.0,
gpt,few_shot,greedy,1,ch130,130,ok,True,7579.0,6110,24.04,0.096,7579.0,1.0,365.0,304.0,
gpt,few_shot,greedy,1,d198,198,ok,True,18240.0,15780,15.59,0.099,18240.0,1.0,365.0,304.0,
gpt,few_shot,simulated_annealing,1,eil51,51,ok,True,435.0,426,2.11,1.051,435.0,1.0,355.0,3857.0,
gpt,few_shot,simulated_annealing,1,berlin52,52,ok,True,7715.0,7542,2.29,0.963,7715.0,1.0,355.0,3857.0,
gpt,few_shot,simulated_annealing,1,ch130,130,ok,True,6262.0,6110,2.49,3.281,6262.0,1.0,355.0,3857.0,
gpt,few_shot,simulated_annealing,1,d198,198,ok,True,18240.0,15780,15.59,3.267,18240.0,1.0,355.0,3857.0,
gpt,few_shot,genetic_algorithm,1,eil51,51,ok,True,432.0,426,1.41,3.269,432.0,1.0,353.0,5172.0,
gpt,few_shot,genetic_algorithm,1,berlin52,52,ok,True,7542.0,7542,0.0,3.177,7542.0,1.0,353.0,5172.0,
gpt,few_shot,genetic_algorithm,1,ch130,130,ok,True,6540.0,6110,7.04,2.192,6540.0,1.0,353.0,5172.0,
gpt,few_shot,genetic_algorithm,1,d198,198,ok,True,16081.0,15780,1.91,2.23,16081.0,1.0,353.0,5172.0,
gpt,chain_of_thought,greedy,1,eil51,51,ok,True,511.0,426,19.95,0.129,511.0,1.0,290.0,949.0,
gpt,chain_of_thought,greedy,1,berlin52,52,ok,True,8980.0,7542,19.07,0.151,8980.0,1.0,290.0,949.0,
gpt,chain_of_thought,greedy,1,ch130,130,ok,True,7579.0,6110,24.04,0.097,7579.0,1.0,290.0,949.0,
gpt,chain_of_thought,greedy,1,d198,198,ok,True,18240.0,15780,15.59,0.097,18240.0,1.0,290.0,949.0,
gpt,chain_of_thought,simulated_annealing,1,eil51,51,ok,True,437.0,426,2.58,0.474,437.0,1.0,280.0,5083.0,
gpt,chain_of_thought,simulated_annealing,1,berlin52,52,ok,True,7542.0,7542,0.0,0.452,7542.0,1.0,280.0,5083.0,
gpt,chain_of_thought,simulated_annealing,1,ch130,130,ok,True,6555.0,6110,7.28,0.876,6555.0,1.0,280.0,5083.0,
gpt,chain_of_thought,simulated_annealing,1,d198,198,ok,True,16443.0,15780,4.2,1.311,16443.0,1.0,280.0,5083.0,
gpt,chain_of_thought,genetic_algorithm,1,eil51,51,ok,True,436.0,426,2.35,6.987,436.0,1.0,278.0,3731.0,
gpt,chain_of_thought,genetic_algorithm,1,berlin52,52,ok,True,7732.0,7542,2.52,7.185,7732.0,1.0,278.0,3731.0,
gpt,chain_of_thought,genetic_algorithm,1,ch130,130,ok,True,6518.0,6110,6.68,10.557,6518.0,1.0,278.0,3731.0,
gpt,chain_of_thought,genetic_algorithm,1,d198,198,ok,True,17370.0,15780,10.08,13.532,17370.0,1.0,278.0,3731.0,
gpt,iterative_refinement,greedy,1,eil51,51,ok,True,511.0,426,19.95,0.12,511.0,1.0,224.0,277.0,
gpt,iterative_refinement,greedy,1,berlin52,52,ok,True,8980.0,7542,19.07,0.088,8980.0,1.0,224.0,277.0,
gpt,iterative_refinement,greedy,1,ch130,130,ok,True,7579.0,6110,24.04,0.092,7579.0,1.0,224.0,277.0,
gpt,iterative_refinement,greedy,1,d198,198,ok,True,18240.0,15780,15.59,0.09,18240.0,1.0,224.0,277.0,
gpt,iterative_refinement,simulated_annealing,1,eil51,51,ok,True,440.0,426,3.29,0.354,440.0,1.0,214.0,6633.0,
gpt,iterative_refinement,simulated_annealing,1,berlin52,52,ok,True,7858.0,7542,4.19,0.385,7858.0,1.0,214.0,6633.0,
gpt,iterative_refinement,simulated_annealing,1,ch130,130,ok,True,6554.0,6110,7.27,0.735,6554.0,1.0,214.0,6633.0,
gpt,iterative_refinement,simulated_annealing,1,d198,198,ok,True,16469.0,15780,4.37,1.082,16469.0,1.0,214.0,6633.0,
gpt,iterative_refinement,genetic_algorithm,1,eil51,51,ok,True,442.0,426,3.76,6.433,442.0,1.0,212.0,2618.0,
gpt,iterative_refinement,genetic_algorithm,1,berlin52,52,ok,True,7542.0,7542,0.0,6.95,7542.0,1.0,212.0,2618.0,
gpt,iterative_refinement,genetic_algorithm,1,ch130,130,ok,True,6948.0,6110,13.72,11.95,6948.0,1.0,212.0,2618.0,
gpt,iterative_refinement,genetic_algorithm,1,d198,198,ok,True,17611.0,15780,11.6,13.476,17611.0,1.0,212.0,2618.0,
claude,zero_shot,greedy,1,eil51,51,ok,True,511.0,426,19.95,0.116,511.0,1.0,341.0,248.0,
claude,zero_shot,greedy,1,berlin52,52,ok,True,8980.0,7542,19.07,0.091,8980.0,1.0,341.0,248.0,
claude,zero_shot,greedy,1,ch130,130,ok,True,7579.0,6110,24.04,0.094,7579.0,1.0,341.0,248.0,
claude,zero_shot,greedy,1,d198,198,ok,True,18240.0,15780,15.59,0.092,18240.0,1.0,341.0,248.0,
claude,zero_shot,simulated_annealing,1,eil51,51,ok,True,511.0,426,19.95,0.48,511.0,1.0,328.0,891.0,
claude,zero_shot,simulated_annealing,1,berlin52,52,ok,True,8980.0,7542,19.07,0.442,8980.0,1.0,328.0,891.0,
claude,zero_shot,simulated_annealing,1,ch130,130,ok,True,7579.0,6110,24.04,0.467,7579.0,1.0,328.0,891.0,
claude,zero_shot,simulated_annealing,1,d198,198,ok,True,18240.0,15780,15.59,0.45,18240.0,1.0,328.0,891.0,
claude,zero_shot,genetic_algorithm,1,eil51,51,ok,True,460.0,426,7.98,3.677,460.0,1.0,327.0,1199.0,
claude,zero_shot,genetic_algorithm,1,berlin52,52,ok,True,8511.0,7542,12.85,3.425,8511.0,1.0,327.0,1199.0,
claude,zero_shot,genetic_algorithm,1,ch130,130,ok,True,6919.0,6110,13.24,5.21,6919.0,1.0,327.0,1199.0,
claude,zero_shot,genetic_algorithm,1,d198,198,ok,True,17881.0,15780,13.31,6.597,17881.0,1.0,327.0,1199.0,
claude,few_shot,greedy,1,eil51,51,ok,True,511.0,426,19.95,0.136,511.0,1.0,542.0,319.0,
claude,few_shot,greedy,1,berlin52,52,ok,True,8980.0,7542,19.07,0.093,8980.0,1.0,542.0,319.0,
claude,few_shot,greedy,1,ch130,130,ok,True,7579.0,6110,24.04,0.103,7579.0,1.0,542.0,319.0,
claude,few_shot,greedy,1,d198,198,ok,True,18240.0,15780,15.59,0.102,18240.0,1.0,542.0,319.0,
claude,few_shot,simulated_annealing,1,eil51,51,ok,True,476.0,426,11.74,0.552,476.0,1.0,529.0,1437.0,
claude,few_shot,simulated_annealing,1,berlin52,52,ok,True,8301.0,7542,10.06,0.523,8301.0,1.0,529.0,1437.0,
claude,few_shot,simulated_annealing,1,ch130,130,ok,True,6456.0,6110,5.66,0.557,6456.0,1.0,529.0,1437.0,
claude,few_shot,simulated_annealing,1,d198,198,ok,True,16754.0,15780,6.17,0.609,16754.0,1.0,529.0,1437.0,
claude,few_shot,genetic_algorithm,1,eil51,51,ok,True,443.0,426,3.99,0.595,443.0,1.0,528.0,1658.0,
claude,few_shot,genetic_algorithm,1,berlin52,52,ok,True,7991.0,7542,5.95,0.393,7991.0,1.0,528.0,1658.0,
claude,few_shot,genetic_algorithm,1,ch130,130,ok,True,6478.0,6110,6.02,0.369,6478.0,1.0,528.0,1658.0,
claude,few_shot,genetic_algorithm,1,d198,198,ok,True,16376.0,15780,3.78,0.871,16376.0,1.0,528.0,1658.0,
claude,chain_of_thought,greedy,1,eil51,51,ok,True,511.0,426,19.95,0.114,511.0,1.0,432.0,594.0,
claude,chain_of_thought,greedy,1,berlin52,52,ok,True,8980.0,7542,19.07,0.097,8980.0,1.0,432.0,594.0,
claude,chain_of_thought,greedy,1,ch130,130,ok,True,7579.0,6110,24.04,0.082,7579.0,1.0,432.0,594.0,
claude,chain_of_thought,greedy,1,d198,198,ok,True,18240.0,15780,15.59,0.088,18240.0,1.0,432.0,594.0,
claude,chain_of_thought,simulated_annealing,1,eil51,51,ok,True,447.0,426,4.93,0.185,447.0,1.0,419.0,2214.0,
claude,chain_of_thought,simulated_annealing,1,berlin52,52,ok,True,7841.0,7542,3.96,0.168,7841.0,1.0,419.0,2214.0,
claude,chain_of_thought,simulated_annealing,1,ch130,130,ok,True,6789.0,6110,11.11,0.183,6789.0,1.0,419.0,2214.0,
claude,chain_of_thought,simulated_annealing,1,d198,198,ok,True,16593.0,15780,5.15,0.246,16593.0,1.0,419.0,2214.0,
claude,chain_of_thought,genetic_algorithm,1,eil51,51,ok,True,455.0,426,6.81,0.495,455.0,1.0,418.0,2008.0,
claude,chain_of_thought,genetic_algorithm,1,berlin52,52,ok,True,8372.0,7542,11.01,0.569,8372.0,1.0,418.0,2008.0,
claude,chain_of_thought,genetic_algorithm,1,ch130,130,ok,True,7370.0,6110,20.62,2.693,7370.0,1.0,418.0,2008.0,
claude,chain_of_thought,genetic_algorithm,1,d198,198,ok,True,17611.0,15780,11.6,5.259,17611.0,1.0,418.0,2008.0,
claude,iterative_refinement,greedy,1,eil51,51,ok,True,511.0,426,19.95,0.094,511.0,1.0,341.0,248.0,
claude,iterative_refinement,greedy,1,berlin52,52,ok,True,8980.0,7542,19.07,0.097,8980.0,1.0,341.0,248.0,
claude,iterative_refinement,greedy,1,ch130,130,ok,True,7579.0,6110,24.04,0.103,7579.0,1.0,341.0,248.0,
claude,iterative_refinement,greedy,1,d198,198,ok,True,18240.0,15780,15.59,0.092,18240.0,1.0,341.0,248.0,
claude,iterative_refinement,simulated_annealing,1,eil51,51,ok,True,453.0,426,6.34,0.127,453.0,1.0,328.0,916.0,
claude,iterative_refinement,simulated_annealing,1,berlin52,52,ok,True,8000.0,7542,6.07,0.142,8000.0,1.0,328.0,916.0,
claude,iterative_refinement,simulated_annealing,1,ch130,130,ok,True,7269.0,6110,18.97,0.119,7269.0,1.0,328.0,916.0,
claude,iterative_refinement,simulated_annealing,1,d198,198,ok,True,18240.0,15780,15.59,0.115,18240.0,1.0,328.0,916.0,
claude,iterative_refinement,genetic_algorithm,1,eil51,51,ok,True,473.0,426,11.03,3.309,473.0,1.0,327.0,1285.0,
claude,iterative_refinement,genetic_algorithm,1,berlin52,52,ok,True,8106.0,7542,7.48,6.063,8106.0,1.0,327.0,1285.0,
claude,iterative_refinement,genetic_algorithm,1,ch130,130,ok,True,7168.0,6110,17.32,5.122,7168.0,1.0,327.0,1285.0,
claude,iterative_refinement,genetic_algorithm,1,d198,198,ok,True,17972.0,15780,13.89,5.791,17972.0,1.0,327.0,1285.0,
gpt,zero_shot,greedy,2,eil51,51,ok,True,511.0,426,19.95,0.136,511.0,1.0,224.0,284.0,
gpt,zero_shot,greedy,2,berlin52,52,ok,True,8980.0,7542,19.07,0.098,8980.0,1.0,224.0,284.0,
gpt,zero_shot,greedy,2,ch130,130,ok,True,7579.0,6110,24.04,0.091,7579.0,1.0,224.0,284.0,
gpt,zero_shot,greedy,2,d198,198,ok,True,18240.0,15780,15.59,0.096,18240.0,1.0,224.0,284.0,
gpt,zero_shot,simulated_annealing,2,eil51,51,ok,True,440.0,426,3.29,0.572,440.0,1.0,214.0,4214.0,
gpt,zero_shot,simulated_annealing,2,berlin52,52,ok,True,7542.0,7542,0.0,0.505,7542.0,1.0,214.0,4214.0,
gpt,zero_shot,simulated_annealing,2,ch130,130,ok,True,6301.0,6110,3.13,1.054,6301.0,1.0,214.0,4214.0,
gpt,zero_shot,simulated_annealing,2,d198,198,ok,True,16342.0,15780,3.56,1.195,16342.0,1.0,214.0,4214.0,
gpt,zero_shot,genetic_algorithm,2,eil51,51,ok,True,432.0,426,1.41,2.51,432.0,1.0,212.0,6138.0,
gpt,zero_shot,genetic_algorithm,2,berlin52,52,ok,True,7711.0,7542,2.24,2.606,7711.0,1.0,212.0,6138.0,
gpt,zero_shot,genetic_algorithm,2,ch130,130,ok,True,6457.0,6110,5.68,4.143,6457.0,1.0,212.0,6138.0,
gpt,zero_shot,genetic_algorithm,2,d198,198,ok,True,17288.0,15780,9.56,5.828,17288.0,1.0,212.0,6138.0,
gpt,few_shot,greedy,2,eil51,51,ok,True,511.0,426,19.95,0.128,511.0,1.0,365.0,297.0,
gpt,few_shot,greedy,2,berlin52,52,ok,True,8980.0,7542,19.07,0.085,8980.0,1.0,365.0,297.0,
gpt,few_shot,greedy,2,ch130,130,ok,True,7579.0,6110,24.04,0.111,7579.0,1.0,365.0,297.0,
gpt,few_shot,greedy,2,d198,198,ok,True,18240.0,15780,15.59,0.112,18240.0,1.0,365.0,297.0,
gpt,few_shot,simulated_annealing,2,eil51,51,ok,True,440.0,426,3.29,6.294,440.0,1.0,355.0,1804.0,
gpt,few_shot,simulated_annealing,2,berlin52,52,ok,True,7717.0,7542,2.32,6.393,7717.0,1.0,355.0,1804.0,
gpt,few_shot,simulated_annealing,2,ch130,130,ok,True,6261.0,6110,2.47,14.079,6261.0,1.0,355.0,1804.0,
gpt,few_shot,simulated_annealing,2,d198,198,ok,True,15836.0,15780,0.35,21.245,15836.0,1.0,355.0,1804.0,
gpt,few_shot,genetic_algorithm,2,eil51,51,ok,True,492.0,426,15.49,8.148,492.0,1.0,353.0,2423.0,
gpt,few_shot,genetic_algorithm,2,berlin52,52,ok,True,9230.0,7542,22.38,7.878,9230.0,1.0,353.0,2423.0,
gpt,few_shot,genetic_algorithm,2,ch130,130,ok,True,8173.0,6110,33.76,11.585,8173.0,1.0,353.0,2423.0,
gpt,few_shot,genetic_algorithm,2,d198,198,ok,True,22378.0,15780,41.81,15.086,22378.0,1.0,353.0,2423.0,
gpt,chain_of_thought,greedy,2,eil51,51,ok,True,511.0,426,19.95,0.137,511.0,1.0,290.0,1053.0,
gpt,chain_of_thought,greedy,2,berlin52,52,ok,True,8980.0,7542,19.07,0.084,8980.0,1.0,290.0,1053.0,
gpt,chain_of_thought,greedy,2,ch130,130,ok,True,7579.0,6110,24.04,0.087,7579.0,1.0,290.0,1053.0,
gpt,chain_of_thought,greedy,2,d198,198,ok,True,18240.0,15780,15.59,0.089,18240.0,1.0,290.0,1053.0,
gpt,chain_of_thought,simulated_annealing,2,eil51,51,ok,True,441.0,426,3.52,0.377,441.0,1.0,280.0,4374.0,
gpt,chain_of_thought,simulated_annealing,2,berlin52,52,ok,True,8125.0,7542,7.73,0.322,8125.0,1.0,280.0,4374.0,
gpt,chain_of_thought,simulated_annealing,2,ch130,130,ok,True,6236.0,6110,2.06,0.641,6236.0,1.0,280.0,4374.0,
gpt,chain_of_thought,simulated_annealing,2,d198,198,ok,True,16410.0,15780,3.99,0.951,16410.0,1.0,280.0,4374.0,
gpt,chain_of_thought,genetic_algorithm,2,eil51,51,ok,True,438.0,426,2.82,28.377,438.0,1.0,278.0,2732.0,
gpt,chain_of_thought,genetic_algorithm,2,berlin52,52,ok,True,8106.0,7542,7.48,29.104,8106.0,1.0,278.0,2732.0,
gpt,chain_of_thought,genetic_algorithm,2,ch130,130,timeout,False,,6110,,60.0,,1.0,278.0,2732.0,
gpt,chain_of_thought,genetic_algorithm,2,d198,198,timeout,False,,15780,,60.0,,1.0,278.0,2732.0,
gpt,iterative_refinement,greedy,2,eil51,51,ok,True,511.0,426,19.95,0.084,511.0,1.0,224.0,287.0,
gpt,iterative_refinement,greedy,2,berlin52,52,ok,True,8980.0,7542,19.07,0.101,8980.0,1.0,224.0,287.0,
gpt,iterative_refinement,greedy,2,ch130,130,ok,True,7579.0,6110,24.04,0.097,7579.0,1.0,224.0,287.0,
gpt,iterative_refinement,greedy,2,d198,198,ok,True,18240.0,15780,15.59,0.099,18240.0,1.0,224.0,287.0,
gpt,iterative_refinement,simulated_annealing,2,eil51,51,ok,True,443.0,426,3.99,0.298,443.0,1.0,214.0,5583.0,
gpt,iterative_refinement,simulated_annealing,2,berlin52,52,ok,True,7667.0,7542,1.66,0.324,7667.0,1.0,214.0,5583.0,
gpt,iterative_refinement,simulated_annealing,2,ch130,130,ok,True,6481.0,6110,6.07,0.585,6481.0,1.0,214.0,5583.0,
gpt,iterative_refinement,simulated_annealing,2,d198,198,ok,True,16206.0,15780,2.7,0.945,16206.0,1.0,214.0,5583.0,
gpt,iterative_refinement,genetic_algorithm,2,eil51,51,ok,True,437.0,426,2.58,2.139,437.0,1.0,212.0,6064.0,
gpt,iterative_refinement,genetic_algorithm,2,berlin52,52,ok,True,7657.0,7542,1.52,2.345,7657.0,1.0,212.0,6064.0,
gpt,iterative_refinement,genetic_algorithm,2,ch130,130,ok,True,6410.0,6110,4.91,2.9,6410.0,1.0,212.0,6064.0,
gpt,iterative_refinement,genetic_algorithm,2,d198,198,ok,True,16365.0,15780,3.71,2.608,16365.0,1.0,212.0,6064.0,
claude,zero_shot,greedy,2,eil51,51,ok,True,511.0,426,19.95,0.162,511.0,1.0,341.0,248.0,
claude,zero_shot,greedy,2,berlin52,52,ok,True,8980.0,7542,19.07,0.089,8980.0,1.0,341.0,248.0,
claude,zero_shot,greedy,2,ch130,130,ok,True,7579.0,6110,24.04,0.093,7579.0,1.0,341.0,248.0,
claude,zero_shot,greedy,2,d198,198,ok,True,18240.0,15780,15.59,0.094,18240.0,1.0,341.0,248.0,
claude,zero_shot,simulated_annealing,2,eil51,51,ok,True,438.0,426,2.82,0.312,438.0,1.0,328.0,1685.0,
claude,zero_shot,simulated_annealing,2,berlin52,52,ok,True,8060.0,7542,6.87,0.309,8060.0,1.0,328.0,1685.0,
claude,zero_shot,simulated_annealing,2,ch130,130,ok,True,6742.0,6110,10.34,1.207,6742.0,1.0,328.0,1685.0,
claude,zero_shot,simulated_annealing,2,d198,198,ok,True,16376.0,15780,3.78,1.663,16376.0,1.0,328.0,1685.0,
claude,zero_shot,genetic_algorithm,2,eil51,51,ok,True,465.0,426,9.15,7.808,465.0,1.0,327.0,1261.0,
claude,zero_shot,genetic_algorithm,2,berlin52,52,ok,True,8369.0,7542,10.97,7.082,8369.0,1.0,327.0,1261.0,
claude,zero_shot,genetic_algorithm,2,ch130,130,ok,True,6955.0,6110,13.83,10.467,6955.0,1.0,327.0,1261.0,
claude,zero_shot,genetic_algorithm,2,d198,198,ok,True,16960.0,15780,7.48,12.856,16960.0,1.0,327.0,1261.0,
claude,few_shot,greedy,2,eil51,51,ok,True,511.0,426,19.95,0.111,511.0,1.0,542.0,293.0,
claude,few_shot,greedy,2,berlin52,52,ok,True,8980.0,7542,19.07,0.089,8980.0,1.0,542.0,293.0,
claude,few_shot,greedy,2,ch130,130,ok,True,7579.0,6110,24.04,0.089,7579.0,1.0,542.0,293.0,
claude,few_shot,greedy,2,d198,198,ok,True,18240.0,15780,15.59,0.092,18240.0,1.0,542.0,293.0,
claude,few_shot,simulated_annealing,2,eil51,51,ok,True,441.0,426,3.52,0.164,441.0,1.0,529.0,1267.0,
claude,few_shot,simulated_annealing,2,berlin52,52,ok,True,8451.0,7542,12.05,0.132,8451.0,1.0,529.0,1267.0,
claude,few_shot,simulated_annealing,2,ch130,130,ok,True,6615.0,6110,8.27,0.139,6615.0,1.0,529.0,1267.0,
claude,few_shot,simulated_annealing,2,d198,198,ok,True,16376.0,15780,3.78,0.157,16376.0,1.0,529.0,1267.0,
claude,few_shot,genetic_algorithm,2,eil51,51,ok,True,465.0,426,9.15,2.804,465.0,1.0,528.0,1268.0,
claude,few_shot,genetic_algorithm,2,berlin52,52,ok,True,7596.0,7542,0.72,2.772,7596.0,1.0,528.0,1268.0,
claude,few_shot,genetic_algorithm,2,ch130,130,ok,True,7114.0,6110,16.43,3.961,7114.0,1.0,528.0,1268.0,
claude,few_shot,genetic_algorithm,2,d198,198,ok,True,17300.0,15780,9.63,4.924,17300.0,1.0,528.0,1268.0,
claude,chain_of_thought,greedy,2,eil51,51,ok,True,511.0,426,19.95,0.133,511.0,1.0,432.0,530.0,
claude,chain_of_thought,greedy,2,berlin52,52,ok,True,8980.0,7542,19.07,0.089,8980.0,1.0,432.0,530.0,
claude,chain_of_thought,greedy,2,ch130,130,ok,True,7579.0,6110,24.04,0.091,7579.0,1.0,432.0,530.0,
claude,chain_of_thought,greedy,2,d198,198,ok,True,18240.0,15780,15.59,0.094,18240.0,1.0,432.0,530.0,
claude,chain_of_thought,simulated_annealing,2,eil51,51,ok,True,433.0,426,1.64,0.827,433.0,1.0,419.0,1762.0,
claude,chain_of_thought,simulated_annealing,2,berlin52,52,ok,True,7542.0,7542,0.0,0.762,7542.0,1.0,419.0,1762.0,
claude,chain_of_thought,simulated_annealing,2,ch130,130,ok,True,7579.0,6110,24.04,0.818,7579.0,1.0,419.0,1762.0,
claude,chain_of_thought,simulated_annealing,2,d198,198,ok,True,18240.0,15780,15.59,0.824,18240.0,1.0,419.0,1762.0,
claude,chain_of_thought,genetic_algorithm,2,eil51,51,ok,True,481.0,426,12.91,3.516,481.0,1.0,418.0,1713.0,
claude,chain_of_thought,genetic_algorithm,2,berlin52,52,ok,True,8731.0,7542,15.77,3.48,8731.0,1.0,418.0,1713.0,
claude,chain_of_thought,genetic_algorithm,2,ch130,130,ok,True,7429.0,6110,21.59,6.266,7429.0,1.0,418.0,1713.0,
claude,chain_of_thought,genetic_algorithm,2,d198,198,ok,True,18367.0,15780,16.39,8.979,18367.0,1.0,418.0,1713.0,
claude,iterative_refinement,greedy,2,eil51,51,ok,True,511.0,426,19.95,0.086,511.0,1.0,341.0,252.0,
claude,iterative_refinement,greedy,2,berlin52,52,ok,True,8980.0,7542,19.07,0.086,8980.0,1.0,341.0,252.0,
claude,iterative_refinement,greedy,2,ch130,130,ok,True,7579.0,6110,24.04,0.087,7579.0,1.0,341.0,252.0,
claude,iterative_refinement,greedy,2,d198,198,ok,True,18240.0,15780,15.59,0.096,18240.0,1.0,341.0,252.0,
claude,iterative_refinement,simulated_annealing,2,eil51,51,ok,True,441.0,426,3.52,0.14,441.0,1.0,328.0,1028.0,
claude,iterative_refinement,simulated_annealing,2,berlin52,52,ok,True,8451.0,7542,12.05,0.133,8451.0,1.0,328.0,1028.0,
claude,iterative_refinement,simulated_annealing,2,ch130,130,ok,True,7562.0,6110,23.76,0.122,7562.0,1.0,328.0,1028.0,
claude,iterative_refinement,simulated_annealing,2,d198,198,ok,True,18240.0,15780,15.59,0.117,18240.0,1.0,328.0,1028.0,
claude,iterative_refinement,genetic_algorithm,2,eil51,51,ok,True,466.0,426,9.39,1.644,466.0,1.0,327.0,1283.0,
claude,iterative_refinement,genetic_algorithm,2,berlin52,52,ok,True,8506.0,7542,12.78,1.391,8506.0,1.0,327.0,1283.0,
claude,iterative_refinement,genetic_algorithm,2,ch130,130,ok,True,6918.0,6110,13.22,5.951,6918.0,1.0,327.0,1283.0,
claude,iterative_refinement,genetic_algorithm,2,d198,198,ok,True,18240.0,15780,15.59,2.072,18240.0,1.0,327.0,1283.0,
gpt,zero_shot,greedy,3,eil51,51,ok,True,511.0,426,19.95,0.106,511.0,1.0,224.0,302.0,
gpt,zero_shot,greedy,3,berlin52,52,ok,True,8980.0,7542,19.07,0.086,8980.0,1.0,224.0,302.0,
gpt,zero_shot,greedy,3,ch130,130,ok,True,7579.0,6110,24.04,0.124,7579.0,1.0,224.0,302.0,
gpt,zero_shot,greedy,3,d198,198,ok,True,18240.0,15780,15.59,0.092,18240.0,1.0,224.0,302.0,
gpt,zero_shot,simulated_annealing,3,eil51,51,ok,True,434.0,426,1.88,0.485,434.0,1.0,214.0,2560.0,
gpt,zero_shot,simulated_annealing,3,berlin52,52,ok,True,7772.0,7542,3.05,0.431,7772.0,1.0,214.0,2560.0,
gpt,zero_shot,simulated_annealing,3,ch130,130,ok,True,6502.0,6110,6.42,0.974,6502.0,1.0,214.0,2560.0,
gpt,zero_shot,simulated_annealing,3,d198,198,ok,True,16238.0,15780,2.9,1.382,16238.0,1.0,214.0,2560.0,
gpt,zero_shot,genetic_algorithm,3,eil51,51,ok,True,436.0,426,2.35,2.829,436.0,1.0,212.0,5246.0,
gpt,zero_shot,genetic_algorithm,3,berlin52,52,ok,True,8166.0,7542,8.27,2.8,8166.0,1.0,212.0,5246.0,
gpt,zero_shot,genetic_algorithm,3,ch130,130,ok,True,6470.0,6110,5.89,2.311,6470.0,1.0,212.0,5246.0,
gpt,zero_shot,genetic_algorithm,3,d198,198,ok,True,17268.0,15780,9.43,2.777,17268.0,1.0,212.0,5246.0,
gpt,few_shot,greedy,3,eil51,51,ok,True,511.0,426,19.95,0.11,511.0,1.0,365.0,287.0,
gpt,few_shot,greedy,3,berlin52,52,ok,True,8980.0,7542,19.07,0.097,8980.0,1.0,365.0,287.0,
gpt,few_shot,greedy,3,ch130,130,ok,True,7579.0,6110,24.04,0.095,7579.0,1.0,365.0,287.0,
gpt,few_shot,greedy,3,d198,198,ok,True,18240.0,15780,15.59,0.085,18240.0,1.0,365.0,287.0,
gpt,few_shot,simulated_annealing,3,eil51,51,ok,True,433.0,426,1.64,1.598,433.0,1.0,355.0,3810.0,
gpt,few_shot,simulated_annealing,3,berlin52,52,ok,True,7814.0,7542,3.61,0.357,7814.0,1.0,355.0,3810.0,
gpt,few_shot,simulated_annealing,3,ch130,130,ok,True,6328.0,6110,3.57,0.722,6328.0,1.0,355.0,3810.0,
gpt,few_shot,simulated_annealing,3,d198,198,ok,True,16536.0,15780,4.79,1.201,16536.0,1.0,355.0,3810.0,
gpt,few_shot,genetic_algorithm,3,eil51,51,ok,True,434.0,426,1.88,1.977,434.0,1.0,353.0,3771.0,
gpt,few_shot,genetic_algorithm,3,berlin52,52,ok,True,8128.0,7542,7.77,1.73,8128.0,1.0,353.0,3771.0,
gpt,few_shot,genetic_algorithm,3,ch130,130,ok,True,6777.0,6110,10.92,1.119,6777.0,1.0,353.0,3771.0,
gpt,few_shot,genetic_algorithm,3,d198,198,ok,True,16626.0,15780,5.36,1.01,16626.0,1.0,353.0,3771.0,
gpt,chain_of_thought,greedy,3,eil51,51,ok,True,511.0,426,19.95,0.139,511.0,1.0,290.0,839.0,
gpt,chain_of_thought,greedy,3,berlin52,52,ok,True,8980.0,7542,19.07,0.095,8980.0,1.0,290.0,839.0,
gpt,chain_of_thought,greedy,3,ch130,130,ok,True,7579.0,6110,24.04,0.08,7579.0,1.0,290.0,839.0,
gpt,chain_of_thought,greedy,3,d198,198,ok,True,18240.0,15780,15.59,0.089,18240.0,1.0,290.0,839.0,
gpt,chain_of_thought,simulated_annealing,3,eil51,51,ok,True,434.0,426,1.88,0.355,434.0,1.0,280.0,5985.0,
gpt,chain_of_thought,simulated_annealing,3,berlin52,52,ok,True,7717.0,7542,2.32,0.347,7717.0,1.0,280.0,5985.0,
gpt,chain_of_thought,simulated_annealing,3,ch130,130,ok,True,6599.0,6110,8.0,0.544,6599.0,1.0,280.0,5985.0,
gpt,chain_of_thought,simulated_annealing,3,d198,198,ok,True,17085.0,15780,8.27,0.66,17085.0,1.0,280.0,5985.0,
gpt,chain_of_thought,genetic_algorithm,3,eil51,51,ok,True,475.0,426,11.5,1.637,475.0,1.0,278.0,5366.0,
gpt,chain_of_thought,genetic_algorithm,3,berlin52,52,ok,True,8100.0,7542,7.4,0.778,8100.0,1.0,278.0,5366.0,
gpt,chain_of_thought,genetic_algorithm,3,ch130,130,ok,True,6960.0,6110,13.91,2.092,6960.0,1.0,278.0,5366.0,
gpt,chain_of_thought,genetic_algorithm,3,d198,198,ok,True,17925.0,15780,13.59,5.344,17925.0,1.0,278.0,5366.0,
gpt,iterative_refinement,greedy,3,eil51,51,ok,True,511.0,426,19.95,0.08,511.0,1.0,224.0,286.0,
gpt,iterative_refinement,greedy,3,berlin52,52,ok,True,8980.0,7542,19.07,0.089,8980.0,1.0,224.0,286.0,
gpt,iterative_refinement,greedy,3,ch130,130,ok,True,7579.0,6110,24.04,0.089,7579.0,1.0,224.0,286.0,
gpt,iterative_refinement,greedy,3,d198,198,ok,True,18240.0,15780,15.59,0.092,18240.0,1.0,224.0,286.0,
gpt,iterative_refinement,simulated_annealing,3,eil51,51,ok,True,452.0,426,6.1,0.192,452.0,1.0,214.0,3731.0,
gpt,iterative_refinement,simulated_annealing,3,berlin52,52,ok,True,8126.0,7542,7.74,0.171,8126.0,1.0,214.0,3731.0,
gpt,iterative_refinement,simulated_annealing,3,ch130,130,ok,True,6665.0,6110,9.08,0.291,6665.0,1.0,214.0,3731.0,
gpt,iterative_refinement,simulated_annealing,3,d198,198,ok,True,16538.0,15780,4.8,0.46,16538.0,1.0,214.0,3731.0,
gpt,iterative_refinement,genetic_algorithm,3,eil51,51,ok,True,433.0,426,1.64,1.596,433.0,1.0,212.0,6249.0,
gpt,iterative_refinement,genetic_algorithm,3,berlin52,52,ok,True,7542.0,7542,0.0,1.51,7542.0,1.0,212.0,6249.0,
gpt,iterative_refinement,genetic_algorithm,3,ch130,130,ok,True,6582.0,6110,7.73,3.472,6582.0,1.0,212.0,6249.0,
gpt,iterative_refinement,genetic_algorithm,3,d198,198,ok,True,16468.0,15780,4.36,4.587,16468.0,1.0,212.0,6249.0,
claude,zero_shot,greedy,3,eil51,51,ok,True,511.0,426,19.95,0.115,511.0,1.0,341.0,248.0,
claude,zero_shot,greedy,3,berlin52,52,ok,True,8980.0,7542,19.07,0.138,8980.0,1.0,341.0,248.0,
claude,zero_shot,greedy,3,ch130,130,ok,True,7579.0,6110,24.04,0.087,7579.0,1.0,341.0,248.0,
claude,zero_shot,greedy,3,d198,198,ok,True,18240.0,15780,15.59,0.097,18240.0,1.0,341.0,248.0,
claude,zero_shot,simulated_annealing,3,eil51,51,ok,True,453.0,426,6.34,0.184,453.0,1.0,328.0,907.0,
claude,zero_shot,simulated_annealing,3,berlin52,52,ok,True,8000.0,7542,6.07,0.13,8000.0,1.0,328.0,907.0,
claude,zero_shot,simulated_annealing,3,ch130,130,ok,True,6944.0,6110,13.65,0.136,6944.0,1.0,328.0,907.0,
claude,zero_shot,simulated_annealing,3,d198,198,ok,True,18240.0,15780,15.59,0.126,18240.0,1.0,328.0,907.0,
claude,zero_shot,genetic_algorithm,3,eil51,51,ok,True,476.0,426,11.74,0.839,476.0,1.0,327.0,1184.0,
claude,zero_shot,genetic_algorithm,3,berlin52,52,ok,True,8614.0,7542,14.21,0.819,8614.0,1.0,327.0,1184.0,
claude,zero_shot,genetic_algorithm,3,ch130,130,ok,True,7399.0,6110,21.1,1.191,7399.0,1.0,327.0,1184.0,
claude,zero_shot,genetic_algorithm,3,d198,198,ok,True,18058.0,15780,14.44,1.514,18058.0,1.0,327.0,1184.0,
claude,few_shot,greedy,3,eil51,51,ok,True,511.0,426,19.95,0.148,511.0,1.0,542.0,282.0,
claude,few_shot,greedy,3,berlin52,52,ok,True,8980.0,7542,19.07,0.082,8980.0,1.0,542.0,282.0,
claude,few_shot,greedy,3,ch130,130,ok,True,7579.0,6110,24.04,0.083,7579.0,1.0,542.0,282.0,
claude,few_shot,greedy,3,d198,198,ok,True,18240.0,15780,15.59,0.102,18240.0,1.0,542.0,282.0,
claude,few_shot,simulated_annealing,3,eil51,51,ok,True,451.0,426,5.87,0.566,451.0,1.0,529.0,1838.0,
claude,few_shot,simulated_annealing,3,berlin52,52,ok,True,8113.0,7542,7.57,0.481,8113.0,1.0,529.0,1838.0,
claude,few_shot,simulated_annealing,3,ch130,130,ok,True,6856.0,6110,12.21,0.813,6856.0,1.0,529.0,1838.0,
claude,few_shot,simulated_annealing,3,d198,198,ok,True,16260.0,15780,3.04,1.089,16260.0,1.0,529.0,1838.0,
claude,few_shot,genetic_algorithm,3,eil51,51,ok,True,501.0,426,17.61,3.262,501.0,1.0,528.0,1054.0,
claude,few_shot,genetic_algorithm,3,berlin52,52,ok,True,8792.0,7542,16.57,3.02,8792.0,1.0,528.0,1054.0,
claude,few_shot,genetic_algorithm,3,ch130,130,ok,True,8989.0,6110,47.12,4.686,8989.0,1.0,528.0,1054.0,
claude,few_shot,genetic_algorithm,3,d198,198,ok,True,28122.0,15780,78.21,6.172,28122.0,1.0,528.0,1054.0,
claude,chain_of_thought,greedy,3,eil51,51,ok,True,511.0,426,19.95,0.168,511.0,1.0,432.0,548.0,
claude,chain_of_thought,greedy,3,berlin52,52,ok,True,8980.0,7542,19.07,0.137,8980.0,1.0,432.0,548.0,
claude,chain_of_thought,greedy,3,ch130,130,ok,True,7579.0,6110,24.04,0.082,7579.0,1.0,432.0,548.0,
claude,chain_of_thought,greedy,3,d198,198,ok,True,18240.0,15780,15.59,0.084,18240.0,1.0,432.0,548.0,
claude,chain_of_thought,simulated_annealing,3,eil51,51,ok,True,428.0,426,0.47,0.725,428.0,1.0,419.0,2060.0,
claude,chain_of_thought,simulated_annealing,3,berlin52,52,ok,True,7542.0,7542,0.0,0.654,7542.0,1.0,419.0,2060.0,
claude,chain_of_thought,simulated_annealing,3,ch130,130,ok,True,6315.0,6110,3.36,0.668,6315.0,1.0,419.0,2060.0,
claude,chain_of_thought,simulated_annealing,3,d198,198,ok,True,16209.0,15780,2.72,0.831,16209.0,1.0,419.0,2060.0,
claude,chain_of_thought,genetic_algorithm,3,eil51,51,ok,True,459.0,426,7.75,1.551,459.0,1.0,418.0,1810.0,
claude,chain_of_thought,genetic_algorithm,3,berlin52,52,ok,True,8654.0,7542,14.74,2.089,8654.0,1.0,418.0,1810.0,
claude,chain_of_thought,genetic_algorithm,3,ch130,130,ok,True,6902.0,6110,12.96,4.629,6902.0,1.0,418.0,1810.0,
claude,chain_of_thought,genetic_algorithm,3,d198,198,ok,True,17957.0,15780,13.8,8.474,17957.0,1.0,418.0,1810.0,
claude,iterative_refinement,greedy,3,eil51,51,ok,True,511.0,426,19.95,0.094,511.0,1.0,341.0,248.0,
claude,iterative_refinement,greedy,3,berlin52,52,ok,True,8980.0,7542,19.07,0.082,8980.0,1.0,341.0,248.0,
claude,iterative_refinement,greedy,3,ch130,130,ok,True,7579.0,6110,24.04,0.081,7579.0,1.0,341.0,248.0,
claude,iterative_refinement,greedy,3,d198,198,ok,True,18240.0,15780,15.59,0.087,18240.0,1.0,341.0,248.0,
claude,iterative_refinement,simulated_annealing,3,eil51,51,ok,True,437.0,426,2.58,0.697,437.0,1.0,328.0,1573.0,
claude,iterative_refinement,simulated_annealing,3,berlin52,52,ok,True,7726.0,7542,2.44,0.673,7726.0,1.0,328.0,1573.0,
claude,iterative_refinement,simulated_annealing,3,ch130,130,ok,True,6517.0,6110,6.66,0.701,6517.0,1.0,328.0,1573.0,
claude,iterative_refinement,simulated_annealing,3,d198,198,ok,True,16273.0,15780,3.12,0.828,16273.0,1.0,328.0,1573.0,
claude,iterative_refinement,genetic_algorithm,3,eil51,51,ok,True,462.0,426,8.45,0.652,462.0,1.0,327.0,1343.0,
claude,iterative_refinement,genetic_algorithm,3,berlin52,52,ok,True,8263.0,7542,9.56,0.565,8263.0,1.0,327.0,1343.0,
claude,iterative_refinement,genetic_algorithm,3,ch130,130,ok,True,6932.0,6110,13.45,1.863,6932.0,1.0,327.0,1343.0,
claude,iterative_refinement,genetic_algorithm,3,d198,198,ok,True,18073.0,15780,14.53,3.046,18073.0,1.0,327.0,1343.0,
claude,chain_of_thought,genetic_algorithm,1,pr439,439,ok,True,129347.0,107217,20.64,10.845,129347.0,1.0,418.0,2008.0,
claude,chain_of_thought,genetic_algorithm,1,pr1002,1002,ok,True,324601.0,259045,25.31,24.445,324601.0,1.0,418.0,2008.0,
claude,chain_of_thought,greedy,1,pr439,439,ok,True,131281.0,107217,22.44,0.124,131281.0,1.0,432.0,594.0,
claude,chain_of_thought,greedy,1,pr1002,1002,ok,True,331103.0,259045,27.82,0.104,331103.0,1.0,432.0,594.0,
claude,chain_of_thought,simulated_annealing,1,pr439,439,ok,True,117306.0,107217,9.41,0.514,117306.0,1.0,419.0,2214.0,
claude,chain_of_thought,simulated_annealing,1,pr1002,1002,ok,True,277643.0,259045,7.18,2.422,277643.0,1.0,419.0,2214.0,
claude,chain_of_thought,genetic_algorithm,2,pr439,439,ok,True,137114.0,107217,27.88,27.889,137114.0,1.0,418.0,1713.0,
claude,chain_of_thought,genetic_algorithm,2,pr1002,1002,ok,True,337600.0,259045,30.32,107.003,337600.0,1.0,418.0,1713.0,
claude,chain_of_thought,greedy,2,pr439,439,ok,True,131281.0,107217,22.44,0.121,131281.0,1.0,432.0,530.0,
claude,chain_of_thought,greedy,2,pr1002,1002,ok,True,331103.0,259045,27.82,0.094,331103.0,1.0,432.0,530.0,
claude,chain_of_thought,simulated_annealing,2,pr439,439,ok,True,131281.0,107217,22.44,1.483,131281.0,1.0,419.0,1762.0,
claude,chain_of_thought,simulated_annealing,2,pr1002,1002,ok,True,331103.0,259045,27.82,2.065,331103.0,1.0,419.0,1762.0,
claude,chain_of_thought,genetic_algorithm,3,pr439,439,ok,True,130259.0,107217,21.49,13.209,130259.0,1.0,418.0,1810.0,
claude,chain_of_thought,genetic_algorithm,3,pr1002,1002,ok,True,316344.0,259045,22.12,25.35,316344.0,1.0,418.0,1810.0,
claude,chain_of_thought,greedy,3,pr439,439,ok,True,131281.0,107217,22.44,0.107,131281.0,1.0,432.0,548.0,
claude,chain_of_thought,greedy,3,pr1002,1002,ok,True,331103.0,259045,27.82,0.107,331103.0,1.0,432.0,548.0,
claude,chain_of_thought,simulated_annealing,3,pr439,439,ok,True,122765.0,107217,14.5,1.03,122765.0,1.0,419.0,2060.0,
claude,chain_of_thought,simulated_annealing,3,pr1002,1002,ok,True,275321.0,259045,6.28,33.828,275321.0,1.0,419.0,2060.0,
claude,few_shot,genetic_algorithm,1,pr439,439,ok,True,130821.0,107217,22.02,0.845,130821.0,1.0,528.0,1658.0,
claude,few_shot,genetic_algorithm,1,pr1002,1002,ok,True,318595.0,259045,22.99,2.249,318595.0,1.0,528.0,1658.0,
claude,few_shot,greedy,1,pr439,439,ok,True,131281.0,107217,22.44,0.099,131281.0,1.0,542.0,319.0,
claude,few_shot,greedy,1,pr1002,1002,ok,True,331103.0,259045,27.82,0.087,331103.0,1.0,542.0,319.0,
claude,few_shot,simulated_annealing,1,pr439,439,ok,True,121077.0,107217,12.93,0.825,121077.0,1.0,529.0,1437.0,
claude,few_shot,simulated_annealing,1,pr1002,1002,ok,True,281912.0,259045,8.83,2.994,281912.0,1.0,529.0,1437.0,
claude,few_shot,genetic_algorithm,2,pr439,439,ok,True,130237.0,107217,21.47,8.879,130237.0,1.0,528.0,1268.0,
claude,few_shot,genetic_algorithm,2,pr1002,1002,ok,True,313694.0,259045,21.1,19.107,313694.0,1.0,528.0,1268.0,
claude,few_shot,greedy,2,pr439,439,ok,True,131281.0,107217,22.44,0.129,131281.0,1.0,542.0,293.0,
claude,few_shot,greedy,2,pr1002,1002,ok,True,331103.0,259045,27.82,0.124,331103.0,1.0,542.0,293.0,
claude,few_shot,simulated_annealing,2,pr439,439,ok,True,118408.0,107217,10.44,0.42,118408.0,1.0,529.0,1267.0,
claude,few_shot,simulated_annealing,2,pr1002,1002,ok,True,283645.0,259045,9.5,1.958,283645.0,1.0,529.0,1267.0,
claude,few_shot,genetic_algorithm,3,pr439,439,ok,True,349881.0,107217,226.33,13.286,349881.0,1.0,528.0,1054.0,
claude,few_shot,genetic_algorithm,3,pr1002,1002,ok,True,1915618.0,259045,639.49,30.882,1915618.0,1.0,528.0,1054.0,
claude,few_shot,greedy,3,pr439,439,ok,True,131281.0,107217,22.44,0.132,131281.0,1.0,542.0,282.0,
claude,few_shot,greedy,3,pr1002,1002,ok,True,331103.0,259045,27.82,0.105,331103.0,1.0,542.0,282.0,
claude,few_shot,simulated_annealing,3,pr439,439,ok,True,115300.0,107217,7.54,3.703,115300.0,1.0,529.0,1838.0,
claude,few_shot,simulated_annealing,3,pr1002,1002,ok,True,284076.0,259045,9.66,13.501,284076.0,1.0,529.0,1838.0,
claude,iterative_refinement,genetic_algorithm,1,pr439,439,ok,True,126114.0,107217,17.63,12.093,126114.0,1.0,327.0,1285.0,
claude,iterative_refinement,genetic_algorithm,1,pr1002,1002,ok,True,316010.0,259045,21.99,25.512,316010.0,1.0,327.0,1285.0,
claude,iterative_refinement,greedy,1,pr439,439,ok,True,131281.0,107217,22.44,0.113,131281.0,1.0,341.0,248.0,
claude,iterative_refinement,greedy,1,pr1002,1002,ok,True,331103.0,259045,27.82,0.129,331103.0,1.0,341.0,248.0,
claude,iterative_refinement,simulated_annealing,1,pr439,439,ok,True,131281.0,107217,22.44,0.146,131281.0,1.0,328.0,916.0,
claude,iterative_refinement,simulated_annealing,1,pr1002,1002,ok,True,331103.0,259045,27.82,0.197,331103.0,1.0,328.0,916.0,
claude,iterative_refinement,genetic_algorithm,2,pr439,439,ok,True,130821.0,107217,22.02,4.528,130821.0,1.0,327.0,1283.0,
claude,iterative_refinement,genetic_algorithm,2,pr1002,1002,ok,True,318595.0,259045,22.99,10.443,318595.0,1.0,327.0,1283.0,
claude,iterative_refinement,greedy,2,pr439,439,ok,True,131281.0,107217,22.44,0.115,131281.0,1.0,341.0,252.0,
claude,iterative_refinement,greedy,2,pr1002,1002,ok,True,331103.0,259045,27.82,0.093,331103.0,1.0,341.0,252.0,
claude,iterative_refinement,simulated_annealing,2,pr439,439,ok,True,131281.0,107217,22.44,0.126,131281.0,1.0,328.0,1028.0,
claude,iterative_refinement,simulated_annealing,2,pr1002,1002,ok,True,331103.0,259045,27.82,0.187,331103.0,1.0,328.0,1028.0,
claude,iterative_refinement,genetic_algorithm,3,pr439,439,ok,True,130821.0,107217,22.02,1.471,130821.0,1.0,327.0,1343.0,
claude,iterative_refinement,genetic_algorithm,3,pr1002,1002,ok,True,318586.0,259045,22.98,6.684,318586.0,1.0,327.0,1343.0,
claude,iterative_refinement,greedy,3,pr439,439,ok,True,131281.0,107217,22.44,0.11,131281.0,1.0,341.0,248.0,
claude,iterative_refinement,greedy,3,pr1002,1002,ok,True,331103.0,259045,27.82,0.127,331103.0,1.0,341.0,248.0,
claude,iterative_refinement,simulated_annealing,3,pr439,439,ok,True,118678.0,107217,10.69,0.908,118678.0,1.0,328.0,1573.0,
claude,iterative_refinement,simulated_annealing,3,pr1002,1002,ok,True,279735.0,259045,7.99,2.035,279735.0,1.0,328.0,1573.0,
claude,zero_shot,genetic_algorithm,1,pr439,439,ok,True,128786.0,107217,20.12,13.055,128786.0,1.0,327.0,1199.0,
claude,zero_shot,genetic_algorithm,1,pr1002,1002,ok,True,318040.0,259045,22.77,28.495,318040.0,1.0,327.0,1199.0,
claude,zero_shot,greedy,1,pr439,439,ok,True,131281.0,107217,22.44,0.114,131281.0,1.0,341.0,248.0,
claude,zero_shot,greedy,1,pr1002,1002,ok,True,331103.0,259045,27.82,0.121,331103.0,1.0,341.0,248.0,
claude,zero_shot,simulated_annealing,1,pr439,439,ok,True,131281.0,107217,22.44,0.55,131281.0,1.0,328.0,891.0,
claude,zero_shot,simulated_annealing,1,pr1002,1002,ok,True,331103.0,259045,27.82,0.596,331103.0,1.0,328.0,891.0,
claude,zero_shot,genetic_algorithm,2,pr439,439,ok,True,127883.0,107217,19.27,25.86,127883.0,1.0,327.0,1261.0,
claude,zero_shot,genetic_algorithm,2,pr1002,1002,ok,True,317039.0,259045,22.39,56.779,317039.0,1.0,327.0,1261.0,
claude,zero_shot,greedy,2,pr439,439,ok,True,131281.0,107217,22.44,0.163,131281.0,1.0,341.0,248.0,
claude,zero_shot,greedy,2,pr1002,1002,ok,True,331103.0,259045,27.82,0.118,331103.0,1.0,341.0,248.0,
claude,zero_shot,simulated_annealing,2,pr439,439,ok,True,123095.0,107217,14.81,2.339,123095.0,1.0,328.0,1685.0,
claude,zero_shot,simulated_annealing,2,pr1002,1002,ok,True,297522.0,259045,14.85,5.328,297522.0,1.0,328.0,1685.0,
claude,zero_shot,genetic_algorithm,3,pr439,439,ok,True,130837.0,107217,22.03,3.208,130837.0,1.0,327.0,1184.0,
claude,zero_shot,genetic_algorithm,3,pr1002,1002,ok,True,331079.0,259045,27.81,8.844,331079.0,1.0,327.0,1184.0,
claude,zero_shot,greedy,3,pr439,439,ok,True,131281.0,107217,22.44,0.233,131281.0,1.0,341.0,248.0,
claude,zero_shot,greedy,3,pr1002,1002,ok,True,331103.0,259045,27.82,0.138,331103.0,1.0,341.0,248.0,
claude,zero_shot,simulated_annealing,3,pr439,439,ok,True,131281.0,107217,22.44,0.166,131281.0,1.0,328.0,907.0,
claude,zero_shot,simulated_annealing,3,pr1002,1002,ok,True,331103.0,259045,27.82,0.215,331103.0,1.0,328.0,907.0,
gpt,chain_of_thought,genetic_algorithm,1,pr439,439,ok,True,126894.0,107217,18.35,32.581,126894.0,1.0,278.0,3731.0,
gpt,chain_of_thought,genetic_algorithm,1,pr1002,1002,ok,True,312621.0,259045,20.68,65.547,312621.0,1.0,278.0,3731.0,
gpt,chain_of_thought,greedy,1,pr439,439,ok,True,131281.0,107217,22.44,0.134,131281.0,1.0,290.0,949.0,
gpt,chain_of_thought,greedy,1,pr1002,1002,ok,True,331103.0,259045,27.82,0.089,331103.0,1.0,290.0,949.0,
gpt,chain_of_thought,simulated_annealing,1,pr439,439,ok,True,122405.0,107217,14.17,3.628,122405.0,1.0,280.0,5083.0,
gpt,chain_of_thought,simulated_annealing,1,pr1002,1002,ok,True,331103.0,259045,27.82,3.559,331103.0,1.0,280.0,5083.0,
gpt,chain_of_thought,genetic_algorithm,2,pr439,439,ok,True,126359.0,107217,17.85,262.101,126359.0,1.0,278.0,2732.0,
gpt,chain_of_thought,genetic_algorithm,2,pr1002,1002,timeout,False,,259045,,300.0,,1.0,278.0,2732.0,
gpt,chain_of_thought,greedy,2,pr439,439,ok,True,131281.0,107217,22.44,0.141,131281.0,1.0,290.0,1053.0,
gpt,chain_of_thought,greedy,2,pr1002,1002,ok,True,331103.0,259045,27.82,0.107,331103.0,1.0,290.0,1053.0,
gpt,chain_of_thought,simulated_annealing,2,pr439,439,ok,True,122582.0,107217,14.33,2.45,122582.0,1.0,280.0,4374.0,
gpt,chain_of_thought,simulated_annealing,2,pr1002,1002,ok,True,330943.0,259045,27.76,5.95,330943.0,1.0,280.0,4374.0,
gpt,chain_of_thought,genetic_algorithm,3,pr439,439,ok,True,130324.0,107217,21.55,3.963,130324.0,1.0,278.0,5366.0,
gpt,chain_of_thought,genetic_algorithm,3,pr1002,1002,ok,True,316355.0,259045,22.12,9.766,316355.0,1.0,278.0,5366.0,
gpt,chain_of_thought,greedy,3,pr439,439,ok,True,131281.0,107217,22.44,0.094,131281.0,1.0,290.0,839.0,
gpt,chain_of_thought,greedy,3,pr1002,1002,ok,True,331103.0,259045,27.82,0.096,331103.0,1.0,290.0,839.0,
gpt,chain_of_thought,simulated_annealing,3,pr439,439,ok,True,130966.0,107217,22.15,1.233,130966.0,1.0,280.0,5985.0,
gpt,chain_of_thought,simulated_annealing,3,pr1002,1002,ok,True,330848.0,259045,27.72,1.379,330848.0,1.0,280.0,5985.0,
gpt,few_shot,genetic_algorithm,1,pr439,439,ok,True,128003.0,107217,19.39,3.087,128003.0,1.0,353.0,5172.0,
gpt,few_shot,genetic_algorithm,1,pr1002,1002,ok,True,313930.0,259045,21.19,6.529,313930.0,1.0,353.0,5172.0,
gpt,few_shot,greedy,1,pr439,439,ok,True,131281.0,107217,22.44,0.097,131281.0,1.0,365.0,304.0,
gpt,few_shot,greedy,1,pr1002,1002,ok,True,331103.0,259045,27.82,0.144,331103.0,1.0,365.0,304.0,
gpt,few_shot,simulated_annealing,1,pr439,439,ok,True,131281.0,107217,22.44,3.627,131281.0,1.0,355.0,3857.0,
gpt,few_shot,simulated_annealing,1,pr1002,1002,ok,True,331103.0,259045,27.82,3.869,331103.0,1.0,355.0,3857.0,
gpt,few_shot,genetic_algorithm,2,pr439,439,ok,True,366799.0,107217,242.11,31.301,366799.0,1.0,353.0,2423.0,
gpt,few_shot,genetic_algorithm,2,pr1002,1002,ok,True,2094520.0,259045,708.55,60.775,2094520.0,1.0,353.0,2423.0,
gpt,few_shot,greedy,2,pr439,439,ok,True,131281.0,107217,22.44,0.122,131281.0,1.0,365.0,297.0,
gpt,few_shot,greedy,2,pr1002,1002,ok,True,331103.0,259045,27.82,0.087,331103.0,1.0,365.0,297.0,
gpt,few_shot,simulated_annealing,2,pr439,439,ok,True,112942.0,107217,5.34,53.169,112942.0,1.0,355.0,1804.0,
gpt,few_shot,simulated_annealing,2,pr1002,1002,ok,True,276767.0,259045,6.84,144.471,276767.0,1.0,355.0,1804.0,
gpt,few_shot,genetic_algorithm,3,pr439,439,ok,True,125730.0,107217,17.27,1.772,125730.0,1.0,353.0,3771.0,
gpt,few_shot,genetic_algorithm,3,pr1002,1002,ok,True,314079.0,259045,21.24,2.332,314079.0,1.0,353.0,3771.0,
gpt,few_shot,greedy,3,pr439,439,ok,True,131281.0,107217,22.44,0.091,131281.0,1.0,365.0,287.0,
gpt,few_shot,greedy,3,pr1002,1002,ok,True,331103.0,259045,27.82,0.097,331103.0,1.0,365.0,287.0,
gpt,few_shot,simulated_annealing,3,pr439,439,ok,True,131281.0,107217,22.44,2.088,131281.0,1.0,355.0,3810.0,
gpt,few_shot,simulated_annealing,3,pr1002,1002,ok,True,315781.0,259045,21.9,1.934,315781.0,1.0,355.0,3810.0,
gpt,iterative_refinement,genetic_algorithm,1,pr439,439,ok,True,127003.0,107217,18.45,21.878,127003.0,1.0,212.0,2618.0,
gpt,iterative_refinement,genetic_algorithm,1,pr1002,1002,ok,True,312347.0,259045,20.58,18.137,312347.0,1.0,212.0,2618.0,
gpt,iterative_refinement,greedy,1,pr439,439,ok,True,131281.0,107217,22.44,0.152,131281.0,1.0,224.0,277.0,
gpt,iterative_refinement,greedy,1,pr1002,1002,ok,True,331103.0,259045,27.82,0.143,331103.0,1.0,224.0,277.0,
gpt,iterative_refinement,simulated_annealing,1,pr439,439,ok,True,124890.0,107217,16.48,1.211,124890.0,1.0,214.0,6633.0,
gpt,iterative_refinement,simulated_annealing,1,pr1002,1002,ok,True,323308.0,259045,24.81,1.301,323308.0,1.0,214.0,6633.0,
gpt,iterative_refinement,genetic_algorithm,2,pr439,439,ok,True,113555.0,107217,5.91,2.408,113555.0,1.0,212.0,6064.0,
gpt,iterative_refinement,genetic_algorithm,2,pr1002,1002,ok,True,284441.0,259045,9.8,4.018,284441.0,1.0,212.0,6064.0,
gpt,iterative_refinement,greedy,2,pr439,439,ok,True,131281.0,107217,22.44,0.098,131281.0,1.0,224.0,287.0,
gpt,iterative_refinement,greedy,2,pr1002,1002,ok,True,331103.0,259045,27.82,0.092,331103.0,1.0,224.0,287.0,
gpt,iterative_refinement,simulated_annealing,2,pr439,439,ok,True,117396.0,107217,9.49,1.385,117396.0,1.0,214.0,5583.0,
gpt,iterative_refinement,simulated_annealing,2,pr1002,1002,ok,True,327500.0,259045,26.43,1.168,327500.0,1.0,214.0,5583.0,
gpt,iterative_refinement,genetic_algorithm,3,pr439,439,ok,True,114785.0,107217,7.06,2.416,114785.0,1.0,212.0,6249.0,
gpt,iterative_refinement,genetic_algorithm,3,pr1002,1002,ok,True,342138.0,259045,32.08,6.109,342138.0,1.0,212.0,6249.0,
gpt,iterative_refinement,greedy,3,pr439,439,ok,True,131281.0,107217,22.44,0.098,131281.0,1.0,224.0,286.0,
gpt,iterative_refinement,greedy,3,pr1002,1002,ok,True,331103.0,259045,27.82,0.101,331103.0,1.0,224.0,286.0,
gpt,iterative_refinement,simulated_annealing,3,pr439,439,ok,True,116940.0,107217,9.07,0.979,116940.0,1.0,214.0,3731.0,
gpt,iterative_refinement,simulated_annealing,3,pr1002,1002,ok,True,323848.0,259045,25.02,2.048,323848.0,1.0,214.0,3731.0,
gpt,zero_shot,genetic_algorithm,1,pr439,439,ok,True,130646.0,107217,21.85,5.623,130646.0,1.0,212.0,4722.0,
gpt,zero_shot,genetic_algorithm,1,pr1002,1002,ok,True,315234.0,259045,21.69,2.562,315234.0,1.0,212.0,4722.0,
gpt,zero_shot,greedy,1,pr439,439,ok,True,131281.0,107217,22.44,0.086,131281.0,1.0,224.0,294.0,
gpt,zero_shot,greedy,1,pr1002,1002,ok,True,331103.0,259045,27.82,0.093,331103.0,1.0,224.0,294.0,
gpt,zero_shot,simulated_annealing,1,pr439,439,ok,True,122622.0,107217,14.37,2.706,122622.0,1.0,214.0,6113.0,
gpt,zero_shot,simulated_annealing,1,pr1002,1002,ok,True,329339.0,259045,27.14,2.328,329339.0,1.0,214.0,6113.0,
gpt,zero_shot,genetic_algorithm,2,pr439,439,ok,True,117275.0,107217,9.38,5.105,117275.0,1.0,212.0,6138.0,
gpt,zero_shot,genetic_algorithm,2,pr1002,1002,ok,True,317277.0,259045,22.48,8.206,317277.0,1.0,212.0,6138.0,
gpt,zero_shot,greedy,2,pr439,439,ok,True,131281.0,107217,22.44,0.109,131281.0,1.0,224.0,284.0,
gpt,zero_shot,greedy,2,pr1002,1002,ok,True,331103.0,259045,27.82,0.114,331103.0,1.0,224.0,284.0,
gpt,zero_shot,simulated_annealing,2,pr439,439,ok,True,115407.0,107217,7.64,1.349,115407.0,1.0,214.0,4214.0,
gpt,zero_shot,simulated_annealing,2,pr1002,1002,ok,True,286249.0,259045,10.5,2.731,286249.0,1.0,214.0,4214.0,
gpt,zero_shot,genetic_algorithm,3,pr439,439,ok,True,117924.0,107217,9.99,5.967,117924.0,1.0,212.0,5246.0,
gpt,zero_shot,genetic_algorithm,3,pr1002,1002,ok,True,310398.0,259045,19.82,10.83,310398.0,1.0,212.0,5246.0,
gpt,zero_shot,greedy,3,pr439,439,ok,True,131281.0,107217,22.44,0.14,131281.0,1.0,224.0,302.0,
gpt,zero_shot,greedy,3,pr1002,1002,ok,True,331103.0,259045,27.82,0.246,331103.0,1.0,224.0,302.0,
gpt,zero_shot,simulated_annealing,3,pr439,439,ok,True,118364.0,107217,10.4,5.008,118364.0,1.0,214.0,2560.0,
gpt,zero_shot,simulated_annealing,3,pr1002,1002,ok,True,317134.0,259045,22.42,8.241,317134.0,1.0,214.0,2560.0,
